os_id,ppp_id
550,312239
550,313558
550,342992
4709,318288
4709,324759
4709,332544
3806,324633
3806,333673
3806,333834
4709,332547
5519,337214
5604,345053
5615,347279
6264,321637
6264,321638
6264,346296
6389,310335
7054,338301
7054,338527
712794,340023
712794,342625
7488,338626
7491,342073
7700,311631
7700,312290
7700,312514
7700,334096
7700,334126
7700,336799
7700,339156
7700,339425
7700,344101
18553,312239
18553,313558
18553,342992
18608,342460
19033,312256
19050,346664
19077,345926
19077,346070
19137,320164
19328,338279
19545,318288
19631,333450
19631,342564
19701,313256
19701,345638
712310,342073
712413,344232
712455,310803
712461,348065
712519,312320
367038,333115
383234,335149
416218,321469
452240,321369
2260817,317060
355231,350182
387625,335153
713020,332291
521627,345521
917411,314349
455363,331976
101912,347521
2121977,326157
56023,312051
2394591,334552
19548,330931
2212422,341591
373415,332580
1063891,334396
410756,341948
1733415,332386
515131,346222
822835,318675
86625,316889
476950,339246
1582443,343062
998548,317078
2328405,315147
1175502,327826
878598,324595
896855,330230
1423423,311591
1973565,334456
1186798,315601
18493,338660
18493,338663
18493,338660
18493,338663
18493,338660
18493,338663
18493,341468
18493,341984
18493,341984
18493,341984
18493,341984
18493,341984
18493,342311
18493,342326
18493,342311
18493,342326
18493,342311
18493,342326
18493,342311
18493,342326
18493,342311
18493,342326
18493,342311
18493,342326
18493,342311
18493,342326
18493,342311
18493,342326
18493,342311
18493,342326
18493,342311
18493,342326
18493,342311
18493,342326
18493,342311
18493,342326
18493,342311
18493,342326
18493,342311
18493,342326
18493,342311
18493,342326
18493,342311
18493,342326
18493,342732
18493,344902
18493,342732
18493,344902
18493,342732
18493,344902
18493,342732
18493,344902
18493,344902
18493,336425
18493,342926
18493,336425
18493,342926
18493,343245
18493,343245
18493,343245
18493,343245
18493,343245
18493,343245
18493,343245
18493,343768
18493,343768
18493,343794
18493,343797
18493,343797
18493,344059
18493,344058
18493,342732
18493,344902
18493,342732
18493,344902
18493,342732
18493,344902
18493,342732
18493,344902
18493,344902
18493,347648
18493,347648
18493,347648
18493,347648
18493,347648
18493,347648
18493,347648
18493,347648
18493,347649
18493,347649
18493,347649
18493,347649
18493,347649
18493,347649
18493,349547
18493,349547
18493,349547
18493,349547
18493,349547
18493,349547
18498,323657
18498,323657
18498,325866
18498,325866
18498,325866
18498,326005
18498,326005
18498,326005
18498,332114
18498,332114
18498,340925
18498,340925
18498,340925
18498,340925
18498,347285
18498,347285
18498,347285
18498,347285
18498,347652
18498,347652
18498,347652
18498,347652
18549,320065
18549,320065
18549,321342
18553,313558
18553,313558
18553,313558
18553,313558
18553,313558
18553,313558
18553,313558
18553,313558
18553,313558
18553,313558
18553,313558
18553,313558
18553,313558
18553,313558
18553,313558
18553,313558
18553,313558
18553,313558
18553,313558
18553,313558
18553,313558
18553,313558
18553,313558
18553,313558
18553,313558
18553,313558
18553,317392
18553,317393
18553,317392
18553,317393
18553,317392
18553,317392
18553,317393
18553,317392
18553,317393
18553,317392
18553,317393
18553,317392
18553,317393
18553,317392
18553,317393
18553,317392
18553,317393
18553,317392
18553,317393
18553,317392
18553,317393
18553,317392
18553,317393
18553,317392
18553,317393
18553,317392
18553,317393
18553,317392
18553,317393
18553,317392
18553,317393
18553,317392
18553,317393
18553,317392
18553,317393
18553,317392
18553,317393
18553,317392
18553,317393
18553,317392
18553,317393
18553,317392
18553,317393
18553,317392
18553,317393
18553,317392
18553,317393
18553,317392
18553,317393
18553,317392
18553,317392
18553,317393
18553,317392
18553,317393
18553,330687
18553,319551
18553,330687
18553,319551
18553,330687
18553,346870
18553,346870
18553,346870
18553,346870
18553,346870
18553,346870
18553,346870
18553,346870
18553,346870
18553,346870
18553,346870
18553,346870
18553,346870
18553,346870
18553,346870
18553,346870
18553,346870
18553,346870
18553,346870
18553,346870
18553,346870
18553,346870
18553,346870
18553,346870
18553,346870
18553,346870
18566,311862
18566,311863
18566,311862
18566,311863
18608,338436
18608,342900
18608,338436
18608,342900
18631,315418
18631,315418
18631,315418
18631,315418
18631,315418
18631,315418
18631,315418
18631,315418
18631,315418
18631,315418
18631,315418
18631,315418
18631,315418
18631,315418
18631,315418
18631,315418
18631,315418
18631,315418
18631,315418
18631,316220
18631,316220
18631,316220
18631,316220
18631,316220
18631,316220
18631,316220
18631,316220
18631,316220
18631,316220
18631,316220
18631,316220
18631,316220
18631,316220
18631,316220
18631,316220
18631,316220
18631,316220
18631,316220
18631,341122
18631,341122
18631,341122
18631,341122
18631,341122
18631,341122
18631,341122
18631,341122
18631,341122
18631,341122
18631,341122
18631,341122
18631,341122
18631,341122
18631,341122
18631,341122
18631,341122
18631,341122
18631,341122
18631,341122
18631,341122
18631,345609
18631,345609
18631,345609
18631,345609
18631,345609
18631,345609
18631,345609
18631,345609
18631,345609
18631,345609
18631,345609
18631,345609
18631,345609
18631,345609
18631,345609
18631,345609
18631,345609
18631,345609
18631,345609
18631,345609
18631,345609
18631,345609
18631,345609
18631,345609
18631,345609
18631,345609
18637,326930
18637,327311
18637,327311
18637,326930
18637,327311
18637,326930
18637,327311
18637,326930
18637,327311
18637,326930
18637,327311
18637,327311
18637,326930
18637,327311
18637,326930
18637,327311
18637,326930
18637,327311
18774,319226
18781,334058
18781,339534
18786,314533
18786,318060
18880,344753
18880,341923
18880,344753
18954,312252
18969,327907
18969,331510
18969,327907
18969,331510
18969,331510
18969,331510
18969,327907
18969,331510
18969,335816
18969,335816
18969,335816
18969,335816
18975,335816
18975,335816
18975,335816
18975,335816
19014,343578
19033,312256
19033,344271
19050,319066
19059,320760
19066,320990
19066,320990
19066,320990
19066,320990
19066,320990
19066,320990
19066,320990
19066,320990
19066,320990
19066,320990
19066,320990
19066,320990
19077,332819
19092,349528
19092,349528
19235,310078
19235,310078
19235,310078
19235,314656
19235,314656
19235,314656
19235,316160
19235,316160
19235,316160
19235,331008
19235,331008
19235,331008
19235,335880
19235,335880
19235,335880
19235,337180
19235,337180
19235,337180
19235,337180
19235,337214
19235,337214
19235,337214
19235,337214
19235,344290
19235,346562
19235,346562
19235,346562
19235,346562
19235,347343
19235,347343
19235,347343
19243,332690
19243,332690
19267,321278
19269,341291
19269,341291
19269,341291
19269,341291
19269,341291
19269,341291
19269,341291
19269,342879
19269,342879
19269,342879
19269,342879
19269,342879
19269,342879
19269,349368
19269,349368
19269,349368
19269,349368
19269,349368
19269,349368
19269,349368
19269,349368
19271,323290
19271,323290
19271,323290
19271,323290
19271,323982
19271,323982
19271,323982
19271,323983
19271,323982
19271,323983
19278,327331
19278,327331
19278,327331
19278,327331
19278,327331
19278,327331
19278,327331
19278,327331
19278,327331
19278,329815
19278,329815
19278,329815
19278,329815
19278,329815
19278,329815
19278,329815
19278,329815
19278,329815
19328,320348
19383,313646
19383,313646
19383,313646
19383,313646
19383,313646
19383,315418
19383,315418
19383,315418
19383,315418
19383,315418
19383,315418
19383,315418
19383,315418
19383,315418
19383,315418
19383,315418
19383,315418
19383,315418
19383,315418
19383,315418
19383,315418
19383,315418
19383,315418
19383,315418
19383,316220
19383,316220
19383,316220
19383,316220
19383,316220
19383,316220
19383,316220
19383,316220
19383,316220
19383,316220
19383,316220
19383,316220
19383,316220
19383,316220
19383,316220
19383,316220
19383,316220
19383,316220
19383,316220
19383,341122
19383,341122
19383,341122
19383,341122
19383,341122
19383,341122
19383,341122
19383,341122
19383,341122
19383,341122
19383,341122
19383,341122
19383,341122
19383,341122
19383,341122
19383,341122
19383,341122
19383,341122
19383,341122
19383,341122
19383,341122
19383,345609
19383,345609
19383,345609
19383,345609
19383,345609
19383,345609
19383,345609
19383,345609
19383,345609
19383,345609
19383,345609
19383,345609
19383,345609
19383,345609
19383,345609
19383,345609
19383,345609
19383,345609
19383,345609
19383,345609
19383,345609
19383,345609
19383,345609
19383,345609
19383,345609
19383,345609
19402,326930
19402,327311
19402,327311
19402,326930
19402,327311
19402,326930
19402,327311
19402,326930
19402,327311
19442,329338
19444,327907
19444,331510
19444,327907
19444,331510
19444,331510
19444,331510
19444,327907
19444,331510
19445,332664
19519,312425
19519,312425
19519,319374
19519,319374
19519,319374
19519,320739
19519,322068
19519,325939
19519,339497
19519,339497
19519,342143
19519,342143
19519,342568
19519,342568
19539,312558
19539,312558
19539,312558
19539,312558
19539,312558
19539,312558
19539,312558
19539,312558
19539,312558
19539,312558
19539,312558
19539,312558
19539,312558
19539,312558
19539,312558
19539,312558
19539,312558
19539,312558
19539,312558
19539,312558
19539,312558
19539,312558
19539,312558
19539,312558
19539,312558
19539,312558
19539,312558
19539,324858
19539,324858
19539,324858
19539,324858
19539,324858
19539,324858
19539,324858
19539,324858
19539,324858
19539,324858
19539,324858
19539,324858
19539,324858
19539,324858
19539,324858
19539,324858
19539,324858
19539,324858
19539,324858
19539,324858
19539,324858
19539,324858
19539,324858
19539,324858
19539,324858
19539,324858
19539,324858
19539,324858
19539,324858
19539,324858
19539,324858
19539,324858
19539,324858
19539,324858
19539,324858
19539,327865
19539,327865
19539,327866
19539,327866
19539,329015
19539,329015
19539,329015
19539,329015
19539,329015
19539,329015
19539,329015
19539,329015
19539,329015
19539,329015
19539,332018
19539,345929
19539,345930
19539,345929
19539,345929
19539,345930
19539,345929
19539,345929
19539,345930
19539,345929
19539,345930
19539,345930
19539,345929
19539,345930
19539,345930
19539,345929
19539,345930
19539,345930
19539,345929
19539,345930
19539,345929
19539,345930
19539,345929
19539,345929
19539,345929
19539,345930
19539,345929
19539,345930
19539,345929
19539,345930
19539,345929
19539,345930
19539,345929
19539,345929
19539,345930
19539,345929
19539,345929
19539,345930
19539,345929
19539,345930
19539,345930
19539,345929
19539,345930
19539,345930
19539,345929
19539,345930
19539,345930
19539,345929
19539,345930
19539,345929
19539,345930
19539,345929
19539,345929
19539,345929
19539,345930
19539,345929
19539,345930
19539,345929
19539,345930
19539,348922
19539,348922
19539,348922
19539,348922
19543,320057
19545,310974
19545,311612
19545,310974
19545,311612
19545,310974
19545,311612
19545,310974
19545,311612
19545,310974
19545,311612
19545,310974
19545,311612
19545,310974
19545,311612
19545,310974
19545,311612
19545,310974
19545,311612
19545,310974
19545,311612
19545,310974
19545,311612
19545,310974
19545,311612
19545,310974
19545,311612
19545,310974
19545,311612
19545,310974
19545,311612
19545,310974
19545,311612
19545,310974
19545,311612
19545,310974
19545,311612
19545,310974
19545,311612
19545,310974
19545,311612
19545,310974
19545,311612
19545,310974
19545,311612
19545,310974
19545,311612
19545,310974
19545,311612
19545,313766
19545,313766
19545,313766
19545,313766
19545,315567
19545,316538
19545,315567
19545,316538
19545,315567
19545,316538
19545,315567
19545,316538
19545,315567
19545,316538
19545,315567
19545,316538
19545,315567
19545,316538
19545,315644
19545,315645
19545,315644
19545,315645
19545,315644
19545,315645
19545,315644
19545,315645
19545,315644
19545,315645
19545,315644
19545,315645
19545,315644
19545,315645
19545,315644
19545,315645
19545,315567
19545,316538
19545,315567
19545,316538
19545,315567
19545,316538
19545,315567
19545,316538
19545,315567
19545,316538
19545,315567
19545,316538
19545,315567
19545,316538
19545,316712
19545,316712
19545,316712
19545,316712
19545,316712
19545,316712
19545,316712
19545,316712
19545,316712
19545,316712
19545,316712
19545,316712
19545,316712
19545,316712
19545,317106
19545,317106
19545,317106
19545,317106
19545,317106
19545,317349
19545,317349
19545,317349
19545,317349
19545,317349
19545,317349
19545,317349
19545,317540
19545,317540
19545,317540
19545,317540
19545,317540
19545,317568
19545,318952
19545,317568
19545,318952
19545,317568
19545,318952
19545,317568
19545,318952
19545,317568
19545,318952
19545,318952
19545,317568
19545,318952
19545,317568
19545,318952
19545,317917
19545,318910
19545,317917
19545,318910
19545,317917
19545,318910
19545,317917
19545,318910
19545,317917
19545,318910
19545,317917
19545,318910
19545,318628
19545,318628
19545,318628
19545,318628
19545,318628
19545,318628
19545,318628
19545,318628
19545,318628
19545,318628
19545,318628
19545,317917
19545,318910
19545,317917
19545,318910
19545,317917
19545,318910
19545,317917
19545,318910
19545,317917
19545,318910
19545,317917
19545,318910
19545,317568
19545,318952
19545,317568
19545,318952
19545,317568
19545,318952
19545,317568
19545,318952
19545,317568
19545,318952
19545,318952
19545,317568
19545,318952
19545,317568
19545,318952
19545,319320
19545,319321
19545,319320
19545,319321
19545,319320
19545,319321
19545,319320
19545,319321
19545,319320
19545,319321
19545,319320
19545,319321
19545,319428
19545,319428
19545,319428
19545,319428
19545,319428
19545,319428
19545,319428
19545,319428
19545,319428
19545,319428
19545,319428
19545,319811
19545,319811
19545,319811
19545,319811
19545,319811
19545,319811
19545,319811
19545,319811
19545,319829
19545,319829
19545,319829
19545,319829
19545,319829
19545,320985
19545,323463
19545,320985
19545,323463
19545,320985
19545,323463
19545,321106
19545,321106
19545,322817
19545,322817
19545,322817
19545,322817
19545,322817
19545,322817
19545,322817
19545,322817
19545,320985
19545,323463
19545,320985
19545,323463
19545,320985
19545,323463
19545,323636
19545,323636
19545,323636
19545,323636
19545,323636
19545,323636
19545,323636
19545,323637
19545,323637
19545,323637
19545,323637
19545,323637
19545,323637
19545,324759
19545,324759
19545,324759
19545,324759
19545,324759
19545,324759
19545,324759
19545,324759
19545,324759
19545,324812
19545,324812
19545,324812
19545,324812
19545,324812
19545,324812
19545,324812
19545,324812
19545,328203
19545,328203
19545,328682
19545,328682
19545,328682
19545,328682
19545,328682
19545,328682
19545,328789
19545,328789
19545,328789
19545,328789
19545,328789
19545,328789
19545,328789
19545,330188
19545,330188
19545,330188
19545,330188
19545,330188
19545,330188
19545,330440
19545,330440
19545,330440
19545,330440
19545,330440
19545,330440
19545,330574
19545,330574
19545,330574
19545,330574
19545,330574
19545,330753
19545,330753
19545,330753
19545,330753
19545,330753
19545,330753
19545,331675
19545,331675
19545,331675
19545,331675
19545,331675
19545,332572
19545,332572
19545,332572
19545,332572
19545,332572
19545,332572
19545,332572
19545,332572
19545,332572
19545,332572
19545,332572
19545,332572
19545,332886
19545,332886
19545,332886
19545,332900
19545,332977
19545,332977
19545,332977
19545,332985
19545,332985
19545,332985
19545,332985
19545,332985
19545,332985
19545,332985
19545,332985
19545,332985
19545,332985
19545,332985
19545,332985
19545,332985
19545,332985
19545,332985
19545,332985
19545,332985
19545,332985
19545,332985
19545,332985
19545,332985
19545,332985
19545,332985
19545,332985
19545,332985
19545,332985
19545,332985
19545,332985
19545,332985
19545,332985
19545,332985
19545,332985
19545,332985
19545,332985
19545,332985
19545,332985
19545,332985
19545,332985
19545,332985
19545,332985
19545,335007
19545,335007
19545,335007
19545,335007
19545,335007
19545,335007
19545,335007
19545,335007
19545,335007
19545,335007
19545,335007
19545,335007
19545,336436
19545,336436
19545,336436
19545,336436
19545,336436
19545,336436
19545,336436
19545,336731
19545,336731
19545,336731
19545,336731
19545,337374
19545,337374
19545,337374
19545,337374
19545,337374
19545,337374
19545,337374
19545,338936
19545,338936
19545,340391
19545,340391
19545,340391
19545,340844
19545,340845
19545,340844
19545,340845
19545,340844
19545,340845
19545,340844
19545,340845
19545,340844
19545,340845
19545,340844
19545,340845
19545,340844
19545,340845
19545,340844
19545,340845
19545,340844
19545,340845
19545,340844
19545,340845
19545,340844
19545,340845
19545,340844
19545,340845
19545,342699
19545,342699
19545,342699
19545,342699
19545,342699
19545,342699
19545,342699
19545,344007
19545,344007
19545,344007
19545,344007
19545,344007
19545,344007
19545,344007
19545,344007
19545,344007
19545,344007
19545,344007
19545,344007
19545,344007
19545,344059
19545,344058
19545,345717
19545,346248
19545,346248
19545,346248
19545,346248
19545,347549
19545,347549
19545,347549
19545,347648
19545,347648
19545,347648
19545,347648
19545,347648
19545,347648
19545,347648
19545,347648
19545,347649
19545,347649
19545,347649
19545,347649
19545,347649
19545,347649
19545,347745
19545,347745
19545,347745
19549,318682
19549,318682
19549,318682
19549,318682
19549,318682
19549,318682
19549,320563
19549,320563
19549,322070
19549,322070
19549,329031
19549,322070
19549,329031
19549,329031
19549,329031
19549,341836
19554,316784
19554,316784
19554,316784
19554,316784
19554,316784
19554,316784
19554,316784
19554,316784
19560,324858
19560,324858
19560,324858
19560,324858
19560,324858
19560,324858
19560,324858
19560,324858
19560,324858
19560,324858
19560,324858
19560,324858
19560,324858
19560,324858
19560,324858
19560,324858
19560,324858
19560,324858
19560,324858
19560,324858
19560,324858
19560,324858
19560,324858
19560,324858
19560,324858
19560,324858
19560,324858
19560,324858
19560,324858
19560,324858
19560,324858
19560,324858
19560,324858
19560,324858
19560,324858
19631,316711
19631,324854
19640,331615
19640,334987
19640,331615
19640,334987
19640,331615
19640,334987
19640,331615
19640,334987
19642,322659
19658,310692
19658,310692
19658,310692
19658,310692
19658,310692
19658,310692
19658,310692
19658,310692
19658,310692
19658,310692
19658,310692
19658,310692
19658,310692
19658,310692
19658,310692
19658,310692
19658,310692
19658,310692
19658,310692
19658,310692
19658,310692
19658,310692
19658,310692
19658,310692
19658,310692
19658,310692
19658,310692
19658,310692
19658,310692
19658,310692
19658,311445
19658,311445
19658,311445
19658,311445
19658,311445
19658,311445
19658,311445
19658,311445
19658,311445
19658,311445
19658,311445
19658,311445
19658,311445
19658,311445
19658,311445
19658,311445
19658,311445
19658,311445
19658,311445
19658,311445
19658,311445
19658,311445
19658,311445
19658,311445
19658,311445
19658,311445
19658,312233
19658,312239
19658,312239
19658,312239
19658,312239
19658,312239
19658,312239
19658,312239
19658,312239
19658,312239
19658,312239
19658,312239
19658,312239
19658,312239
19658,312239
19658,312239
19658,312239
19658,312239
19658,312239
19658,312239
19658,312239
19658,312239
19658,312239
19658,312239
19658,312239
19658,312239
19658,312239
19658,312239
19658,313558
19658,313558
19658,313558
19658,313558
19658,313558
19658,313558
19658,313558
19658,313558
19658,313558
19658,313558
19658,313558
19658,313558
19658,313558
19658,313558
19658,313558
19658,313558
19658,313558
19658,313558
19658,313558
19658,313558
19658,313558
19658,313558
19658,313558
19658,313558
19658,313558
19658,313558
19658,313670
19658,314321
19658,313670
19658,314321
19658,313670
19658,314321
19658,313670
19658,314321
19658,313670
19658,314321
19658,313670
19658,314321
19658,313670
19658,314321
19658,313670
19658,314321
19658,313670
19658,314321
19658,313670
19658,314321
19658,313670
19658,314321
19658,313670
19658,314321
19658,313670
19658,314321
19658,313670
19658,314321
19658,313670
19658,314321
19658,313670
19658,314321
19658,313670
19658,314321
19658,313670
19658,314321
19658,313670
19658,314321
19658,313670
19658,314321
19658,313670
19658,314321
19658,313670
19658,314321
19658,313670
19658,314321
19658,313670
19658,313670
19658,314321
19658,313670
19658,314321
19658,313670
19658,314321
19658,313670
19658,314321
19658,313670
19658,314321
19658,313670
19658,314321
19658,313670
19658,314321
19658,313670
19658,314321
19658,313670
19658,314321
19658,313670
19658,314321
19658,313670
19658,314321
19658,313670
19658,314321
19658,313670
19658,314321
19658,313670
19658,314321
19658,313670
19658,314321
19658,313670
19658,314321
19658,313670
19658,314321
19658,313670
19658,314321
19658,313670
19658,314321
19658,313670
19658,314321
19658,313670
19658,314321
19658,313670
19658,314321
19658,313670
19658,314321
19658,313670
19658,314321
19658,313670
19658,314321
19658,313670
19658,313670
19658,314321
19658,313670
19658,314321
19658,315733
19658,315733
19658,315733
19658,315733
19658,315733
19658,315733
19658,315733
19658,315733
19658,315733
19658,315733
19658,315733
19658,315733
19658,315733
19658,315733
19658,315733
19658,315733
19658,315733
19658,315733
19658,315733
19658,315733
19658,315733
19658,315733
19658,315733
19658,315733
19658,315733
19658,315733
19658,315733
19658,316932
19658,316932
19658,316932
19658,316932
19658,316932
19658,316932
19658,316932
19658,316932
19658,316932
19658,316932
19658,316932
19658,316932
19658,316932
19658,316932
19658,316932
19658,316932
19658,316932
19658,316932
19658,316932
19658,316932
19658,316932
19658,316932
19658,316932
19658,317392
19658,317393
19658,317392
19658,317393
19658,317392
19658,317392
19658,317393
19658,317392
19658,317393
19658,317392
19658,317393
19658,317392
19658,317393
19658,317392
19658,317393
19658,317392
19658,317393
19658,317392
19658,317393
19658,317392
19658,317393
19658,317392
19658,317393
19658,317392
19658,317393
19658,317392
19658,317393
19658,317392
19658,317393
19658,317392
19658,317393
19658,317392
19658,317393
19658,317392
19658,317393
19658,317392
19658,317393
19658,317392
19658,317393
19658,317392
19658,317393
19658,317392
19658,317393
19658,317392
19658,317393
19658,317392
19658,317393
19658,317392
19658,317393
19658,317392
19658,317392
19658,317393
19658,317392
19658,317393
19658,319273
19658,320975
19658,319273
19658,320975
19658,319273
19658,320975
19658,319273
19658,320975
19658,319273
19658,320975
19658,319273
19658,320975
19658,319273
19658,320975
19658,319273
19658,320975
19658,319273
19658,320975
19658,319273
19658,320975
19658,319273
19658,320975
19658,319273
19658,320975
19658,319273
19658,320975
19658,319273
19658,320975
19658,319273
19658,320975
19658,319273
19658,320975
19658,319273
19658,320975
19658,319273
19658,320975
19658,319273
19658,320975
19658,319273
19658,320975
19658,319273
19658,320975
19658,319273
19658,320975
19658,319273
19658,320975
19658,319273
19658,319273
19658,320975
19658,319273
19658,320975
19658,330687
19658,319551
19658,330687
19658,319551
19658,330687
19658,320715
19658,320714
19658,320714
19658,320714
19658,320715
19658,320714
19658,320715
19658,320714
19658,319273
19658,320975
19658,319273
19658,320975
19658,319273
19658,320975
19658,319273
19658,320975
19658,319273
19658,320975
19658,319273
19658,320975
19658,319273
19658,320975
19658,319273
19658,320975
19658,319273
19658,320975
19658,319273
19658,320975
19658,319273
19658,320975
19658,319273
19658,320975
19658,319273
19658,320975
19658,319273
19658,320975
19658,319273
19658,320975
19658,319273
19658,320975
19658,319273
19658,320975
19658,319273
19658,320975
19658,319273
19658,320975
19658,319273
19658,320975
19658,319273
19658,320975
19658,319273
19658,320975
19658,319273
19658,320975
19658,319273
19658,319273
19658,320975
19658,319273
19658,320975
19658,321483
19658,321483
19658,321483
19658,321483
19658,321483
19658,321483
19658,321483
19658,321483
19658,321483
19658,321483
19658,321483
19658,321483
19658,321483
19658,321483
19658,321483
19658,321483
19658,321483
19658,321483
19658,321483
19658,321483
19658,321483
19658,321483
19658,321483
19658,321483
19658,332985
19658,332985
19658,332985
19658,332985
19658,332985
19658,332985
19658,332985
19658,332985
19658,332985
19658,332985
19658,332985
19658,332985
19658,332985
19658,332985
19658,332985
19658,332985
19658,332985
19658,332985
19658,332985
19658,332985
19658,332985
19658,332985
19658,332985
19658,332985
19658,332985
19658,332985
19658,332985
19658,332985
19658,332985
19658,332985
19658,332985
19658,332985
19658,332985
19658,332985
19658,332985
19658,332985
19658,332985
19658,332985
19658,332985
19658,332985
19658,336376
19658,336376
19658,336376
19658,336376
19658,336376
19658,336376
19658,336376
19658,336376
19658,336376
19658,336376
19658,336376
19658,336376
19658,336376
19658,336376
19658,336376
19658,336376
19658,336376
19658,336376
19658,336376
19658,336376
19658,336376
19658,336376
19658,336376
19658,336376
19658,336376
19658,336376
19658,336376
19658,336376
19658,336376
19658,336376
19658,341630
19658,341630
19658,341630
19658,341630
19658,341630
19658,341630
19658,341630
19658,341630
19658,341630
19658,341630
19658,341630
19658,341630
19658,341630
19658,341630
19658,341630
19658,341630
19658,341630
19658,341630
19658,341630
19658,341630
19658,341630
19658,341630
19658,341630
19658,341630
19658,346870
19658,346870
19658,346870
19658,346870
19658,346870
19658,346870
19658,346870
19658,346870
19658,346870
19658,346870
19658,346870
19658,346870
19658,346870
19658,346870
19658,346870
19658,346870
19658,346870
19658,346870
19658,346870
19658,346870
19658,346870
19658,346870
19658,346870
19658,346870
19658,346870
19658,346870
19701,316725
19730,320085
19730,332603
19814,310497
19814,310497
19814,310497
19814,310497
19814,310647
19814,311727
19814,311727
19814,311727
19814,311727
19814,311727
19814,314899
19814,314899
19814,314899
19814,314899
19814,314899
19814,314899
19814,314899
19814,314899
19814,314970
19814,314970
19814,314970
19814,314970
19814,315567
19814,316538
19814,315567
19814,316538
19814,315567
19814,316538
19814,315567
19814,316538
19814,315567
19814,316538
19814,315567
19814,316538
19814,315567
19814,316538
19814,315743
19814,315743
19814,315743
19814,315743
19814,315567
19814,316538
19814,315567
19814,316538
19814,315567
19814,316538
19814,315567
19814,316538
19814,315567
19814,316538
19814,315567
19814,316538
19814,315567
19814,316538
19814,316712
19814,316712
19814,316712
19814,316712
19814,316712
19814,316712
19814,316712
19814,316712
19814,316712
19814,316712
19814,316712
19814,316712
19814,316712
19814,316712
19814,317540
19814,317540
19814,317540
19814,317540
19814,317540
19814,318628
19814,318628
19814,318628
19814,318628
19814,318628
19814,318628
19814,318628
19814,318628
19814,318628
19814,318628
19814,318628
19814,322429
19814,322429
19814,322429
19814,333458
19814,333458
19814,335007
19814,335007
19814,335007
19814,335007
19814,335007
19814,335007
19814,335007
19814,335007
19814,335007
19814,335007
19814,335007
19814,335007
19814,343768
19814,343768
19814,344007
19814,344007
19814,344007
19814,344007
19814,344007
19814,344007
19814,344007
19814,344007
19814,344007
19814,344007
19814,344007
19814,344007
19814,344007
19814,350527
19826,312495
19826,312496
19826,318716
19826,320827
19826,349633
19826,349635
19826,349633
19826,349635
19876,314952
19892,315309
19892,337271
19892,348609
19895,324740
19895,324740
19895,324740
19895,324740
19895,324740
19895,341122
19895,341122
19895,341122
19895,341122
19895,341122
19895,341122
19895,341122
19895,341122
19895,341122
19895,341122
19895,341122
19895,341122
19895,341122
19895,341122
19895,341122
19895,341122
19895,341122
19895,341122
19895,341122
19895,341122
19895,341122
19901,331833
19975,319853
19975,319853
19975,319853
19975,319853
19975,319853
19975,324348
19975,324348
19975,324348
19975,324348
19975,324348
19975,338559
19975,338559
19975,338559
19975,338559
19975,338559
19975,339086
19975,339086
19975,339086
19975,339086
19975,339086
19975,339086
19975,342927
19975,347760
19975,347760
19975,347760
19975,347760
20138,314871
20138,314871
20138,319853
20138,319853
20138,319853
20138,319853
20138,319853
20138,324348
20138,324348
20138,324348
20138,324348
20138,324348
20138,336117
20138,336923
20138,336923
20138,336117
20138,338559
20138,338559
20138,338559
20138,338559
20138,338559
20138,339086
20138,339086
20138,339086
20138,339086
20138,339086
20138,339086
20138,347760
20138,347760
20138,347760
20138,347760
20143,313565
20143,315855
20143,313565
20143,315855
20169,331191
20224,324615
20224,327210
20224,327210
20237,340745
20237,340745
20237,340745
20237,340745
20239,339675
20239,343315
20239,348491
20242,313828
20244,335008
20245,312347
20245,323776
20245,324341
20245,324341
20245,337015
20245,337130
20245,346270
20318,316791
20318,350561
20395,313646
20395,313646
20395,313646
20395,313646
20395,313646
20395,315418
20395,315418
20395,315418
20395,315418
20395,315418
20395,315418
20395,315418
20395,315418
20395,315418
20395,315418
20395,315418
20395,315418
20395,315418
20395,315418
20395,315418
20395,315418
20395,315418
20395,315418
20395,315418
20452,329315
20452,330584
20452,338661
20452,341318
20452,343432
20452,348548
20453,326729
20479,313844
20479,342538
20479,346360
20479,346360
20479,342538
20479,346360
20479,346360
20505,327907
20505,331510
20505,327907
20505,331510
20505,331510
20505,331510
20505,327907
20505,331510
20531,319858
20531,319858
20531,336956
20531,336956
20635,331615
20635,334987
20635,331615
20635,334987
20635,331615
20635,334987
20635,331615
20635,334987
20658,319779
20658,319779
20658,319779
20658,319783
20658,319783
20658,319783
20658,319783
20689,320200
20689,330245
20689,330245
20733,324977
20733,324977
20733,324977
20733,324977
20733,324977
20733,345609
20733,345609
20733,345609
20733,345609
20733,345609
20733,345609
20733,345609
20733,345609
20733,345609
20733,345609
20733,345609
20733,345609
20733,345609
20733,345609
20733,345609
20733,345609
20733,345609
20733,345609
20733,345609
20733,345609
20733,345609
20733,345609
20733,345609
20733,345609
20733,345609
20733,345609
20783,349806
20830,340744
20851,338358
20852,343449
20852,350078
20900,345177
20908,334747
20952,326725
20967,313431
20968,321592
20968,329154
20968,326775
20968,321592
20968,329154
20968,331683
20968,331698
20968,338796
20968,341122
20968,341122
20968,341122
20968,341122
20968,341122
20968,341122
20968,341122
20968,341122
20968,341122
20968,341122
20968,341122
20968,341122
20968,341122
20968,341122
20968,341122
20968,341122
20968,341122
20968,341122
20968,341122
20968,341122
20968,341122
20968,345609
20968,345609
20968,345609
20968,345609
20968,345609
20968,345609
20968,345609
20968,345609
20968,345609
20968,345609
20968,345609
20968,345609
20968,345609
20968,345609
20968,345609
20968,345609
20968,345609
20968,345609
20968,345609
20968,345609
20968,345609
20968,345609
20968,345609
20968,345609
20968,345609
20968,345609
20968,347008
20968,347076
20968,347008
20968,347076
20968,347008
20968,347076
20968,347008
20968,347076
21003,309946
21046,314953
21046,314953
21046,318682
21046,318682
21046,318682
21046,318682
21046,318682
21046,318682
21046,320842
21046,322070
21046,322070
21046,329031
21046,322070
21046,329031
21046,329031
21046,329031
21046,340569
21046,340569
21048,318141
21057,346700
21057,349993
21071,310492
21071,311338
21071,328782
21071,333054
21071,328782
21071,333054
21071,328782
21071,333054
21071,328782
21071,333054
21118,329919
21157,327586
21157,327587
21167,317226
21178,321775
21178,336766
21178,338367
21178,338367
21178,342172
21184,343767
21184,343767
21184,343767
21184,343767
21211,325715
21217,339922
21239,310692
21239,310692
21239,310692
21239,310692
21239,310692
21239,310692
21239,310692
21239,310692
21239,310692
21239,310692
21239,310692
21239,310692
21239,310692
21239,310692
21239,310692
21239,310692
21239,310692
21239,310692
21239,310692
21239,310692
21239,310692
21239,310692
21239,310692
21239,310692
21239,310692
21239,310692
21239,310692
21239,310692
21239,310692
21239,310692
21239,310974
21239,311612
21239,310974
21239,311612
21239,310974
21239,311612
21239,310974
21239,311612
21239,310974
21239,311612
21239,310974
21239,311612
21239,310974
21239,311612
21239,310974
21239,311612
21239,310974
21239,311612
21239,310974
21239,311612
21239,310974
21239,311612
21239,310974
21239,311612
21239,310974
21239,311612
21239,310974
21239,311612
21239,310974
21239,311612
21239,310974
21239,311612
21239,310974
21239,311612
21239,310974
21239,311612
21239,310974
21239,311612
21239,310974
21239,311612
21239,310974
21239,311612
21239,310974
21239,311612
21239,310974
21239,311612
21239,310974
21239,311612
21239,312239
21239,312239
21239,312239
21239,312239
21239,312239
21239,312239
21239,312239
21239,312239
21239,312239
21239,312239
21239,312239
21239,312239
21239,312239
21239,312239
21239,312239
21239,312239
21239,312239
21239,312239
21239,312239
21239,312239
21239,312239
21239,312239
21239,312239
21239,312239
21239,312239
21239,312239
21239,312239
21239,314899
21239,314899
21239,314899
21239,314899
21239,314899
21239,314899
21239,314899
21239,314899
21239,316287
21239,316287
21239,316287
21239,316287
21239,316287
21239,316287
21239,316287
21239,316287
21239,316290
21239,316290
21239,316290
21239,316290
21239,316290
21239,316290
21239,316290
21239,316712
21239,316712
21239,316712
21239,316712
21239,316712
21239,316712
21239,316712
21239,316712
21239,316712
21239,316712
21239,316712
21239,316712
21239,316712
21239,316712
21239,318628
21239,318628
21239,318628
21239,318628
21239,318628
21239,318628
21239,318628
21239,318628
21239,318628
21239,318628
21239,318628
21239,319428
21239,319428
21239,319428
21239,319428
21239,319428
21239,319428
21239,319428
21239,319428
21239,319428
21239,319428
21239,319428
21239,319811
21239,319811
21239,319811
21239,319811
21239,319811
21239,319811
21239,319811
21239,319811
21239,322817
21239,322817
21239,322817
21239,322817
21239,322817
21239,322817
21239,322817
21239,322817
21239,322901
21239,322902
21239,322901
21239,322902
21239,322901
21239,322902
21239,322901
21239,322902
21239,322901
21239,322902
21239,322901
21239,322902
21239,322901
21239,322901
21239,322902
21239,322901
21239,322902
21239,322901
21239,322902
21239,322901
21239,322902
21239,322901
21239,322902
21239,322901
21239,322902
21239,322901
21239,330440
21239,330440
21239,330440
21239,330440
21239,330440
21239,330440
21239,330574
21239,330574
21239,330574
21239,330574
21239,330574
21239,330709
21239,330709
21239,332544
21239,332547
21239,332544
21239,332547
21239,332544
21239,332547
21239,332544
21239,332547
21239,332544
21239,332547
21239,332544
21239,332547
21239,332544
21239,332547
21239,332544
21239,332547
21239,332544
21239,332547
21239,332544
21239,332547
21239,332544
21239,332547
21239,332544
21239,332547
21239,332544
21239,332547
21239,332544
21239,332547
21239,332544
21239,332547
21239,332544
21239,332547
21239,332572
21239,332572
21239,332572
21239,332572
21239,332572
21239,332572
21239,332572
21239,332572
21239,332572
21239,332572
21239,332572
21239,332572
21239,332985
21239,332985
21239,332985
21239,332985
21239,332985
21239,332985
21239,332985
21239,332985
21239,332985
21239,332985
21239,332985
21239,332985
21239,332985
21239,332985
21239,332985
21239,332985
21239,332985
21239,332985
21239,332985
21239,332985
21239,332985
21239,332985
21239,332985
21239,332985
21239,332985
21239,332985
21239,332985
21239,332985
21239,332985
21239,332985
21239,332985
21239,332985
21239,332985
21239,332985
21239,332985
21239,332985
21239,332985
21239,332985
21239,332985
21239,332985
21239,336436
21239,336436
21239,336436
21239,336436
21239,336436
21239,336436
21239,336436
21239,338644
21239,338644
21239,338660
21239,338663
21239,338660
21239,338663
21239,338660
21239,338663
21239,338660
21239,338663
21239,338660
21239,338663
21239,338660
21239,338663
21239,338660
21239,338663
21239,338660
21239,338663
21239,338660
21239,338663
21239,338660
21239,338663
21239,338660
21239,338663
21239,338660
21239,338663
21239,338660
21239,338663
21239,338660
21239,338663
21239,338660
21239,338663
21239,338660
21239,338663
21239,338660
21239,338663
21239,338660
21239,338663
21239,342311
21239,342326
21239,342311
21239,342326
21239,342311
21239,342326
21239,342311
21239,342326
21239,342311
21239,342326
21239,342311
21239,342326
21239,342311
21239,342326
21239,342311
21239,342326
21239,342311
21239,342326
21239,342311
21239,342326
21239,342311
21239,342326
21239,342311
21239,342326
21239,342311
21239,342326
21239,342311
21239,342326
21239,342311
21239,342326
21239,342311
21239,342326
21239,344007
21239,344007
21239,344007
21239,344007
21239,344007
21239,344007
21239,344007
21239,344007
21239,344007
21239,344007
21239,344007
21239,344007
21239,344007
21239,348373
21239,348374
21239,348373
21239,348374
21239,348373
21239,348374
21239,348373
21239,348374
21239,348545
21239,348545
21239,349547
21239,349547
21239,349547
21239,349547
21239,349547
21239,349547
21267,345929
21267,345930
21267,345929
21267,345929
21267,345930
21267,345929
21267,345929
21267,345930
21267,345929
21267,345930
21267,345930
21267,345929
21267,345930
21267,345930
21267,345929
21267,345930
21267,345930
21267,345929
21267,345930
21267,345929
21267,345930
21267,345929
21267,345929
21267,345929
21267,345930
21267,345929
21267,345930
21267,345929
21267,345930
21285,324650
21293,346991
21317,309997
21317,310825
21317,310825
21317,313207
21317,313821
21317,313821
21317,313821
21317,313821
21317,313821
21317,313821
21317,313821
21317,313821
21317,314835
21317,316196
21317,318523
21317,321511
21317,321511
21317,321511
21317,325104
21317,325859
21317,325859
21317,325859
21317,331980
21317,333647
21317,333650
21317,333647
21317,333650
21317,333647
21317,333650
21317,333647
21317,333650
21317,333647
21317,333650
21317,333647
21317,333952
21317,340041
21317,340576
21317,345714
21317,349799
21317,349799
21317,349799
21317,349799
21317,349799
21317,349799
21317,350466
21317,350704
21317,350704
21317,350466
21317,350704
21317,349373
21317,350621
21317,349373
21317,350621
21317,349373
21317,350466
21317,350704
21317,350704
21317,350466
21317,350704
21319,349425
21329,311551
21329,311551
21329,311551
21329,311551
21329,314953
21329,314953
21329,329014
21329,329014
21349,330819
21511,310692
21511,310692
21511,310692
21511,310692
21511,310692
21511,310692
21511,310692
21511,310692
21511,310692
21511,310692
21511,310692
21511,310692
21511,310692
21511,310692
21511,310692
21511,310692
21511,310692
21511,310692
21511,310692
21511,310692
21511,310692
21511,310692
21511,310692
21511,310692
21511,310692
21511,310692
21511,310692
21511,310692
21511,310692
21511,310692
21511,310974
21511,311612
21511,310974
21511,311612
21511,310974
21511,311612
21511,310974
21511,311612
21511,310974
21511,311612
21511,310974
21511,311612
21511,310974
21511,311612
21511,310974
21511,311612
21511,310974
21511,311612
21511,310974
21511,311612
21511,310974
21511,311612
21511,310974
21511,311612
21511,310974
21511,311612
21511,310974
21511,311612
21511,310974
21511,311612
21511,310974
21511,311612
21511,310974
21511,311612
21511,310974
21511,311612
21511,310974
21511,311612
21511,310974
21511,311612
21511,310974
21511,311612
21511,310974
21511,311612
21511,310974
21511,311612
21511,310974
21511,311612
21511,312239
21511,312239
21511,312239
21511,312239
21511,312239
21511,312239
21511,312239
21511,312239
21511,312239
21511,312239
21511,312239
21511,312239
21511,312239
21511,312239
21511,312239
21511,312239
21511,312239
21511,312239
21511,312239
21511,312239
21511,312239
21511,312239
21511,312239
21511,312239
21511,312239
21511,312239
21511,312239
21511,314899
21511,314899
21511,314899
21511,314899
21511,314899
21511,314899
21511,314899
21511,314899
21511,316287
21511,316287
21511,316287
21511,316287
21511,316287
21511,316287
21511,316287
21511,316287
21511,316290
21511,316290
21511,316290
21511,316290
21511,316290
21511,316290
21511,316290
21511,316712
21511,316712
21511,316712
21511,316712
21511,316712
21511,316712
21511,316712
21511,316712
21511,316712
21511,316712
21511,316712
21511,316712
21511,316712
21511,316712
21511,318628
21511,318628
21511,318628
21511,318628
21511,318628
21511,318628
21511,318628
21511,318628
21511,318628
21511,318628
21511,318628
21511,319428
21511,319428
21511,319428
21511,319428
21511,319428
21511,319428
21511,319428
21511,319428
21511,319428
21511,319428
21511,319428
21511,319811
21511,319811
21511,319811
21511,319811
21511,319811
21511,319811
21511,319811
21511,319811
21511,322817
21511,322817
21511,322817
21511,322817
21511,322817
21511,322817
21511,322817
21511,322817
21511,322901
21511,322902
21511,322901
21511,322902
21511,322901
21511,322902
21511,322901
21511,322902
21511,322901
21511,322902
21511,322901
21511,322902
21511,322901
21511,322901
21511,322902
21511,322901
21511,322902
21511,322901
21511,322902
21511,322901
21511,322902
21511,322901
21511,322902
21511,322901
21511,322902
21511,322901
21511,330440
21511,330440
21511,330440
21511,330440
21511,330440
21511,330440
21511,330574
21511,330574
21511,330574
21511,330574
21511,330574
21511,330709
21511,330709
21511,332544
21511,332547
21511,332544
21511,332547
21511,332544
21511,332547
21511,332544
21511,332547
21511,332544
21511,332547
21511,332544
21511,332547
21511,332544
21511,332547
21511,332544
21511,332547
21511,332544
21511,332547
21511,332544
21511,332547
21511,332544
21511,332547
21511,332544
21511,332547
21511,332544
21511,332547
21511,332544
21511,332547
21511,332544
21511,332547
21511,332544
21511,332547
21511,332572
21511,332572
21511,332572
21511,332572
21511,332572
21511,332572
21511,332572
21511,332572
21511,332572
21511,332572
21511,332572
21511,332572
21511,332985
21511,332985
21511,332985
21511,332985
21511,332985
21511,332985
21511,332985
21511,332985
21511,332985
21511,332985
21511,332985
21511,332985
21511,332985
21511,332985
21511,332985
21511,332985
21511,332985
21511,332985
21511,332985
21511,332985
21511,332985
21511,332985
21511,332985
21511,332985
21511,332985
21511,332985
21511,332985
21511,332985
21511,332985
21511,332985
21511,332985
21511,332985
21511,332985
21511,332985
21511,332985
21511,332985
21511,332985
21511,332985
21511,332985
21511,332985
21511,336436
21511,336436
21511,336436
21511,336436
21511,336436
21511,336436
21511,336436
21511,338644
21511,338644
21511,338660
21511,338663
21511,338660
21511,338663
21511,338660
21511,338663
21511,338660
21511,338663
21511,338660
21511,338663
21511,338660
21511,338663
21511,338660
21511,338663
21511,338660
21511,338663
21511,338660
21511,338663
21511,338660
21511,338663
21511,338660
21511,338663
21511,338660
21511,338663
21511,338660
21511,338663
21511,338660
21511,338663
21511,338660
21511,338663
21511,338660
21511,338663
21511,338660
21511,338663
21511,338660
21511,338663
21511,341973
21511,344504
21511,341973
21511,344504
21511,342311
21511,342326
21511,342311
21511,342326
21511,342311
21511,342326
21511,342311
21511,342326
21511,342311
21511,342326
21511,342311
21511,342326
21511,342311
21511,342326
21511,342311
21511,342326
21511,342311
21511,342326
21511,342311
21511,342326
21511,342311
21511,342326
21511,342311
21511,342326
21511,342311
21511,342326
21511,342311
21511,342326
21511,342311
21511,342326
21511,342311
21511,342326
21511,344007
21511,344007
21511,344007
21511,344007
21511,344007
21511,344007
21511,344007
21511,344007
21511,344007
21511,344007
21511,344007
21511,344007
21511,344007
21511,348373
21511,348374
21511,348373
21511,348374
21511,348373
21511,348374
21511,348373
21511,348374
21511,348545
21511,348545
21511,349547
21511,349547
21511,349547
21511,349547
21511,349547
21511,349547
21515,312558
21515,312558
21515,312558
21515,312558
21515,312558
21515,312558
21515,312558
21515,312558
21515,312558
21515,312558
21515,312558
21515,312558
21515,312558
21515,312558
21515,312558
21515,312558
21515,312558
21515,312558
21515,312558
21515,312558
21515,312558
21515,312558
21515,312558
21515,312558
21515,312558
21515,312558
21515,312558
21515,324858
21515,324858
21515,324858
21515,324858
21515,324858
21515,324858
21515,324858
21515,324858
21515,324858
21515,324858
21515,324858
21515,324858
21515,324858
21515,324858
21515,324858
21515,324858
21515,324858
21515,324858
21515,324858
21515,324858
21515,324858
21515,324858
21515,324858
21515,324858
21515,324858
21515,324858
21515,324858
21515,324858
21515,324858
21515,324858
21515,324858
21515,324858
21515,324858
21515,324858
21515,324858
21515,329015
21515,329015
21515,329015
21515,329015
21515,329015
21515,329015
21515,329015
21515,329015
21515,329015
21515,329015
21515,345929
21515,345930
21515,345929
21515,345929
21515,345930
21515,345929
21515,345929
21515,345930
21515,345929
21515,345930
21515,345930
21515,345929
21515,345930
21515,345930
21515,345929
21515,345930
21515,345930
21515,345929
21515,345930
21515,345929
21515,345930
21515,345929
21515,345929
21515,345929
21515,345930
21515,345929
21515,345930
21515,345929
21515,345930
21515,345929
21515,345930
21515,345929
21515,345929
21515,345930
21515,345929
21515,345929
21515,345930
21515,345929
21515,345930
21515,345930
21515,345929
21515,345930
21515,345930
21515,345929
21515,345930
21515,345930
21515,345929
21515,345930
21515,345929
21515,345930
21515,345929
21515,345929
21515,345929
21515,345930
21515,345929
21515,345930
21515,345929
21515,345930
21532,326297
21532,346387
21532,347476
21532,346387
21532,346387
21532,346387
21532,347476
21532,347476
21532,346387
21534,315418
21534,315418
21534,315418
21534,315418
21534,315418
21534,315418
21534,315418
21534,315418
21534,315418
21534,315418
21534,315418
21534,315418
21534,315418
21534,315418
21534,315418
21534,315418
21534,315418
21534,315418
21534,315418
21534,316220
21534,316220
21534,316220
21534,316220
21534,316220
21534,316220
21534,316220
21534,316220
21534,316220
21534,316220
21534,316220
21534,316220
21534,316220
21534,316220
21534,316220
21534,316220
21534,316220
21534,316220
21534,316220
21534,323290
21534,323290
21534,323290
21534,323290
21534,341122
21534,341122
21534,341122
21534,341122
21534,341122
21534,341122
21534,341122
21534,341122
21534,341122
21534,341122
21534,341122
21534,341122
21534,341122
21534,341122
21534,341122
21534,341122
21534,341122
21534,341122
21534,341122
21534,341122
21534,341122
21534,345609
21534,345609
21534,345609
21534,345609
21534,345609
21534,345609
21534,345609
21534,345609
21534,345609
21534,345609
21534,345609
21534,345609
21534,345609
21534,345609
21534,345609
21534,345609
21534,345609
21534,345609
21534,345609
21534,345609
21534,345609
21534,345609
21534,345609
21534,345609
21534,345609
21534,345609
21571,348671
21571,348672
21571,348671
21571,348672
21710,322460
21710,327069
21710,342522
21765,343721
21788,343767
21788,343767
21788,343767
21788,343767
21824,332690
21824,332690
21863,312558
21863,312558
21863,312558
21863,312558
21863,312558
21863,312558
21863,312558
21863,312558
21863,312558
21863,312558
21863,312558
21863,312558
21863,312558
21863,312558
21863,312558
21863,312558
21863,312558
21863,312558
21863,312558
21863,312558
21863,312558
21863,312558
21863,312558
21863,312558
21863,312558
21863,312558
21863,312558
21863,324858
21863,324858
21863,324858
21863,324858
21863,324858
21863,324858
21863,324858
21863,324858
21863,324858
21863,324858
21863,324858
21863,324858
21863,324858
21863,324858
21863,324858
21863,324858
21863,324858
21863,324858
21863,324858
21863,324858
21863,324858
21863,324858
21863,324858
21863,324858
21863,324858
21863,324858
21863,324858
21863,324858
21863,324858
21863,324858
21863,324858
21863,324858
21863,324858
21863,324858
21863,324858
21863,329015
21863,329015
21863,329015
21863,329015
21863,329015
21863,329015
21863,329015
21863,329015
21863,329015
21863,329015
21863,345929
21863,345930
21863,345929
21863,345929
21863,345930
21863,345929
21863,345929
21863,345930
21863,345929
21863,345930
21863,345930
21863,345929
21863,345930
21863,345930
21863,345929
21863,345930
21863,345930
21863,345929
21863,345930
21863,345929
21863,345930
21863,345929
21863,345929
21863,345929
21863,345930
21863,345929
21863,345930
21863,345929
21863,345930
21863,345929
21863,345930
21863,345929
21863,345929
21863,345930
21863,345929
21863,345929
21863,345930
21863,345929
21863,345930
21863,345930
21863,345929
21863,345930
21863,345930
21863,345929
21863,345930
21863,345930
21863,345929
21863,345930
21863,345929
21863,345930
21863,345929
21863,345929
21863,345929
21863,345930
21863,345929
21863,345930
21863,345929
21863,345930
21891,350245
21896,350435
21899,313307
21917,310405
21924,349511
21924,349511
21931,331490
21951,323600
21951,323600
21951,323600
21951,323600
21951,332158
21951,345071
21956,332230
21967,349696
22109,340745
22109,340745
22109,340745
22109,340745
22109,341291
22109,341291
22109,341291
22109,341291
22109,341291
22109,341291
22109,341291
22109,349368
22109,349368
22109,349368
22109,349368
22109,349368
22109,349368
22109,349368
22109,349368
22128,347530
22128,347720
22192,319428
22192,319428
22192,319428
22192,319428
22192,319428
22192,319428
22192,319428
22192,319428
22192,319428
22192,319428
22192,319428
22192,342732
22192,344902
22192,342732
22192,344902
22192,342732
22192,344902
22192,342732
22192,344902
22192,344902
22192,343253
22192,344073
22192,343253
22192,344073
22192,343253
22192,344073
22192,343253
22192,344073
22192,343253
22192,344073
22192,343253
22192,344073
22192,343253
22192,344073
22192,343253
22192,344073
22192,343253
22192,344073
22192,343253
22192,344073
22192,343253
22192,344073
22192,343253
22192,344073
22192,342732
22192,344902
22192,342732
22192,344902
22192,342732
22192,344902
22192,342732
22192,344902
22192,344902
22256,345937
22256,345937
22257,314109
22265,336595
22265,346601
22496,310934
22496,310934
22496,310934
22496,310934
22496,310934
22496,310934
22496,310934
22496,310934
22496,310934
22496,310934
22496,310934
22496,310934
22496,310974
22496,311612
22496,310974
22496,311612
22496,310974
22496,311612
22496,310974
22496,311612
22496,310974
22496,311612
22496,310974
22496,311612
22496,310974
22496,311612
22496,310974
22496,311612
22496,310974
22496,311612
22496,310974
22496,311612
22496,310974
22496,311612
22496,310974
22496,311612
22496,310974
22496,311612
22496,310974
22496,311612
22496,310974
22496,311612
22496,310974
22496,311612
22496,310974
22496,311612
22496,310974
22496,311612
22496,310974
22496,311612
22496,310974
22496,311612
22496,310974
22496,311612
22496,310974
22496,311612
22496,310974
22496,311612
22496,310974
22496,311612
22496,315733
22496,315733
22496,315733
22496,315733
22496,315733
22496,315733
22496,315733
22496,315733
22496,315733
22496,315733
22496,315733
22496,315733
22496,315733
22496,315733
22496,315733
22496,315733
22496,315733
22496,315733
22496,315733
22496,315733
22496,315733
22496,315733
22496,315733
22496,315733
22496,315733
22496,315733
22496,315733
22496,332544
22496,332547
22496,332544
22496,332547
22496,332544
22496,332547
22496,332544
22496,332547
22496,332544
22496,332547
22496,332544
22496,332547
22496,332544
22496,332547
22496,332544
22496,332547
22496,332544
22496,332547
22496,332544
22496,332547
22496,332544
22496,332547
22496,332544
22496,332547
22496,332544
22496,332547
22496,332544
22496,332547
22496,332544
22496,332547
22496,332544
22496,332547
22496,343253
22496,344073
22496,343253
22496,344073
22496,343253
22496,344073
22496,343253
22496,344073
22496,343253
22496,344073
22496,343253
22496,344073
22496,343253
22496,344073
22496,343253
22496,344073
22496,343253
22496,344073
22496,343253
22496,344073
22496,343253
22496,344073
22496,343253
22496,344073
22509,320704
23622,344781
23813,327725
23813,327725
23813,332698
23813,332698
23813,347829
23813,347829
23898,344190
23898,334593
23898,344190
23898,334593
23898,344190
23914,314970
23914,314970
23914,314970
23914,314970
23914,316287
23914,316287
23914,316287
23914,316287
23914,316287
23914,316287
23914,316287
23914,316287
23914,316290
23914,316290
23914,316290
23914,316290
23914,316290
23914,316290
23914,316290
23914,316712
23914,316712
23914,316712
23914,316712
23914,316712
23914,316712
23914,316712
23914,316712
23914,316712
23914,316712
23914,316712
23914,316712
23914,316712
23914,316712
23914,319829
23914,319829
23914,319829
23914,319829
23914,319829
23914,323636
23914,323636
23914,323636
23914,323636
23914,323636
23914,323636
23914,323636
23914,323637
23914,323637
23914,323637
23914,323637
23914,323637
23914,323637
23914,330658
23914,330658
23914,332572
23914,332572
23914,332572
23914,332572
23914,332572
23914,332572
23914,332572
23914,332572
23914,332572
23914,332572
23914,332572
23914,332572
23914,332985
23914,332985
23914,332985
23914,332985
23914,332985
23914,332985
23914,332985
23914,332985
23914,332985
23914,332985
23914,332985
23914,332985
23914,332985
23914,332985
23914,332985
23914,332985
23914,332985
23914,332985
23914,332985
23914,332985
23914,332985
23914,332985
23914,332985
23914,332985
23914,332985
23914,332985
23914,332985
23914,332985
23914,332985
23914,332985
23914,332985
23914,332985
23914,332985
23914,332985
23914,332985
23914,332985
23914,332985
23914,332985
23914,332985
23914,332985
23914,335007
23914,335007
23914,335007
23914,335007
23914,335007
23914,335007
23914,335007
23914,335007
23914,335007
23914,335007
23914,335007
23914,335007
23914,336376
23914,336376
23914,336376
23914,336376
23914,336376
23914,336376
23914,336376
23914,336376
23914,336376
23914,336376
23914,336376
23914,336376
23914,336376
23914,336376
23914,336376
23914,336376
23914,336376
23914,336376
23914,336376
23914,336376
23914,336376
23914,336376
23914,336376
23914,336376
23914,336376
23914,336376
23914,336376
23914,336376
23914,336376
23914,336376
23914,340844
23914,340845
23914,340844
23914,340845
23914,340844
23914,340845
23914,340844
23914,340845
23914,340844
23914,340845
23914,340844
23914,340845
23914,340844
23914,340845
23914,340844
23914,340845
23914,340844
23914,340845
23914,340844
23914,340845
23914,340844
23914,340845
23914,340844
23914,340845
23914,342606
23914,344276
23914,342606
23914,344276
23914,342606
23914,344276
23914,342699
23914,342699
23914,342699
23914,342699
23914,342699
23914,342699
23914,342699
23914,343245
23914,343245
23914,343245
23914,343245
23914,343245
23914,343245
23914,343245
23914,344007
23914,344007
23914,344007
23914,344007
23914,344007
23914,344007
23914,344007
23914,344007
23914,344007
23914,344007
23914,344007
23914,344007
23914,344007
23914,342606
23914,344276
23914,342606
23914,344276
23914,342606
23914,344276
23914,345970
23914,345970
23914,345970
23914,345970
23914,348085
23914,348085
23914,348085
23918,316784
23918,316784
23918,316784
23918,316784
23918,316784
23918,316784
23918,316784
23918,316784
23997,309912
23997,320885
23997,320885
24013,310197
24013,311611
24535,310934
24535,310934
24535,310934
24535,310934
24535,310934
24535,310934
24535,310934
24535,310934
24535,310934
24535,310934
24535,310934
24535,310934
24535,310974
24535,311612
24535,310974
24535,311612
24535,310974
24535,311612
24535,310974
24535,311612
24535,310974
24535,311612
24535,310974
24535,311612
24535,310974
24535,311612
24535,310974
24535,311612
24535,310974
24535,311612
24535,310974
24535,311612
24535,310974
24535,311612
24535,310974
24535,311612
24535,310974
24535,311612
24535,310974
24535,311612
24535,310974
24535,311612
24535,310974
24535,311612
24535,310974
24535,311612
24535,310974
24535,311612
24535,310974
24535,311612
24535,310974
24535,311612
24535,310974
24535,311612
24535,310974
24535,311612
24535,310974
24535,311612
24535,310974
24535,311612
24535,315733
24535,315733
24535,315733
24535,315733
24535,315733
24535,315733
24535,315733
24535,315733
24535,315733
24535,315733
24535,315733
24535,315733
24535,315733
24535,315733
24535,315733
24535,315733
24535,315733
24535,315733
24535,315733
24535,315733
24535,315733
24535,315733
24535,315733
24535,315733
24535,315733
24535,315733
24535,315733
24535,343253
24535,344073
24535,343253
24535,344073
24535,343253
24535,344073
24535,343253
24535,344073
24535,343253
24535,344073
24535,343253
24535,344073
24535,343253
24535,344073
24535,343253
24535,344073
24535,343253
24535,344073
24535,343253
24535,344073
24535,343253
24535,344073
24535,343253
24535,344073
27620,312133
27620,343141
27620,343141
27620,344001
27620,343141
27620,344001
27620,343141
27620,344001
27620,343141
27620,344001
27620,344001
27620,343141
27620,344001
27620,343141
27620,344001
27620,344001
29518,320858
29518,320858
29518,320858
29518,320858
29518,320858
29518,320858
29518,343141
29518,343141
29518,344001
29518,343141
29518,344001
29518,343141
29518,344001
29518,343141
29518,344001
29518,344001
29518,343141
29518,344001
29518,343141
29518,344001
29518,344001
29518,343141
29518,343141
29518,344001
29518,343141
29518,344001
29518,343141
29518,344001
29518,343141
29518,344001
29518,344001
29518,343141
29518,344001
29518,343141
29518,344001
29518,344001
35518,320858
35518,320858
35518,320858
35518,320858
35518,320858
35518,320858
35518,343141
35518,343141
35518,344001
35518,343141
35518,344001
35518,343141
35518,344001
35518,343141
35518,344001
35518,344001
35518,343141
35518,344001
35518,343141
35518,344001
35518,344001
35518,343141
35518,343141
35518,344001
35518,343141
35518,344001
35518,343141
35518,344001
35518,343141
35518,344001
35518,344001
35518,343141
35518,344001
35518,343141
35518,344001
35518,344001
35997,320858
35997,320858
35997,320858
35997,320858
35997,320858
35997,320858
35997,343141
35997,343141
35997,344001
35997,343141
35997,344001
35997,343141
35997,344001
35997,343141
35997,344001
35997,344001
35997,343141
35997,344001
35997,343141
35997,344001
35997,344001
35997,343141
35997,343141
35997,344001
35997,343141
35997,344001
35997,343141
35997,344001
35997,343141
35997,344001
35997,344001
35997,343141
35997,344001
35997,343141
35997,344001
35997,344001
41566,318737
41566,318737
42934,323920
43571,318737
43571,318737
58595,343141
58595,343141
58595,344001
58595,343141
58595,344001
58595,343141
58595,344001
58595,343141
58595,344001
58595,344001
58595,343141
58595,344001
58595,343141
58595,344001
58595,344001
58595,343141
58595,343141
58595,344001
58595,343141
58595,344001
58595,343141
58595,344001
58595,343141
58595,344001
58595,344001
58595,343141
58595,344001
58595,343141
58595,344001
58595,344001
62057,343141
62057,343141
62057,344001
62057,343141
62057,344001
62057,343141
62057,344001
62057,343141
62057,344001
62057,344001
62057,343141
62057,344001
62057,343141
62057,344001
62057,344001
64024,312215
64024,312215
64024,312215
64024,312215
64024,312215
64024,312215
64024,312558
64024,312558
64024,312558
64024,312558
64024,312558
64024,312558
64024,312558
64024,312558
64024,312558
64024,312558
64024,312558
64024,312558
64024,312558
64024,312558
64024,312558
64024,312558
64024,312558
64024,312558
64024,312558
64024,312558
64024,312558
64024,312558
64024,312558
64024,312558
64024,312558
64024,312558
64024,312558
64024,337270
64024,337270
64024,337270
64024,337270
64024,337270
64024,337270
64024,337270
64024,337270
64024,337270
64024,337270
64024,337270
64024,337270
64024,337270
64024,337270
64024,337270
64024,337270
64024,337270
64024,337270
64024,337270
64024,337270
64024,337270
64024,337270
64024,337270
64024,337278
64024,337278
64024,337278
64024,337278
64024,337278
64024,337278
64024,337278
64024,337278
64024,337278
64024,337278
64024,337278
64024,337278
64024,337278
64024,337278
64024,337278
64024,337278
64024,337278
64024,337278
64024,337278
64024,337278
64024,337278
64024,337278
64065,327866
64065,327866
64065,337270
64065,337270
64065,337270
64065,337270
64065,337270
64065,337270
64065,337270
64065,337270
64065,337270
64065,337270
64065,337270
64065,337270
64065,337270
64065,337270
64065,337270
64065,337270
64065,337270
64065,337270
64065,337270
64065,337270
64065,337270
64065,337270
64065,337270
64065,337278
64065,337278
64065,337278
64065,337278
64065,337278
64065,337278
64065,337278
64065,337278
64065,337278
64065,337278
64065,337278
64065,337278
64065,337278
64065,337278
64065,337278
64065,337278
64065,337278
64065,337278
64065,337278
64065,337278
64065,337278
64065,337278
64080,330717
64140,326655
64203,324341
64203,324341
64203,330524
64203,341125
64276,309980
64276,309980
64276,309980
64276,309980
64276,309980
64276,309980
64276,309980
64276,309980
64276,309980
64276,309980
64276,321511
64276,321511
64276,321511
64276,328681
64276,328681
64276,331558
64276,332730
64591,322686
64591,327019
64591,322686
64591,327019
64591,327825
64644,324170
64644,344213
64998,311898
64998,311899
65007,330725
65007,334615
65015,320017
65015,323068
65015,339437
65015,340193
65037,310692
65037,311445
65037,312239
65037,313558
65037,313670
65037,314321
65037,315733
65037,316932
65037,317392
65037,317393
65037,317959
65037,319273
65037,320714
65037,320975
65037,321483
65037,329477
65037,332985
65037,336376
65037,341630
65037,346870
65037,349043
65080,332032
65082,320114
65082,320115
65119,327331
65119,329815
65119,348059
65125,330657
65125,336954
65131,345930
65144,310692
65144,311445
65144,312239
65144,313558
65144,313670
65144,314321
65144,315733
65144,316932
65144,317392
65144,317393
65144,319273
65144,320975
65144,321483
65144,324373
65144,332985
65144,336376
65144,341630
65144,346870
65183,329746
65183,342661
65183,349373
65190,343420
65318,309926
65382,339509
65398,335455
65429,344730
65438,326210
65467,322344
65495,338859
65527,313020
65527,315111
65527,317925
65527,334034
65527,336439
65576,312558
65576,324858
65576,337270
65576,337278
65599,319133
65599,323657
65599,324975
65599,325866
65599,326005
65599,330762
65599,332114
65599,332934
65599,333142
65599,340925
65599,347285
65599,347599
65599,347652
65599,350360
65612,324331
65704,311551
65951,320065
65961,334188
65979,343767
66012,324858
66061,331026
66061,350463
66073,311551
66073,329031
66073,337701
66073,341291
66073,349368
66094,312089
66094,342813
66139,315215
66139,317250
66139,317728
66139,326152
66139,339106
66140,324084
66140,343006
66164,319088
66164,328700
66171,336709
66171,336710
66171,343450
66184,320858
66184,343141
66184,344001
66192,314955
66209,337157
66259,309980
66259,313261
66259,342646
66259,342661
66259,349799
66265,335773
66318,310692
66318,311445
66318,312239
66318,313558
66318,313670
66318,314321
66318,315733
66318,316932
66318,317392
66318,317393
66318,319273
66318,320714
66318,320715
66318,320975
66318,321483
66318,323271
66318,330687
66318,332985
66318,333688
66318,336376
66318,341630
66318,346870
66322,324914
66331,316526
66331,316764
66331,336298
66331,340128
66387,320326
66394,316220
66433,327205
66454,323760
66455,310692
66455,310934
66455,310974
66455,311291
66455,311445
66455,311612
66455,311977
66455,312174
66455,312239
66455,312668
66455,312671
66455,313558
66455,313670
66455,313766
66455,313915
66455,313942
66455,314321
66455,314817
66455,314828
66455,314899
66455,315733
66455,316287
66455,316290
66455,316712
66455,316932
66455,317106
66455,317349
66455,317392
66455,317393
66455,317917
66455,318288
66455,318404
66455,318655
66455,318818
66455,318819
66455,318910
66455,319273
66455,319428
66455,319811
66455,320975
66455,320985
66455,321483
66455,322087
66455,322585
66455,322642
66455,322817
66455,322901
66455,322902
66455,323463
66455,323636
66455,324759
66455,324812
66455,324835
66455,325922
66455,325923
66455,328228
66455,328789
66455,330188
66455,330440
66455,330469
66455,330574
66455,330588
66455,330613
66455,330621
66455,330753
66455,331675
66455,332544
66455,332547
66455,332572
66455,332985
66455,335007
66455,335538
66455,336376
66455,336436
66455,336731
66455,337353
66455,337374
66455,338660
66455,338663
66455,340141
66455,340245
66455,340391
66455,340540
66455,340844
66455,340845
66455,341630
66455,341681
66455,341824
66455,341984
66455,342311
66455,342326
66455,342606
66455,342647
66455,342699
66455,342732
66455,343245
66455,343253
66455,344007
66455,344073
66455,344276
66455,344520
66455,344902
66455,345970
66455,346248
66455,346870
66455,347225
66455,347549
66455,347648
66455,347745
66455,348085
66455,349547
66488,310032
66499,335255
66499,344888
66532,313172
66532,314743
66532,315165
66532,316067
66532,346721
66561,316776
66585,312425
66585,317183
66585,317792
66585,319342
66585,324793
66585,325061
66585,333208
66585,334530
66585,339426
66585,340229
66585,342143
66585,342568
66585,343438
66585,346820
66655,310659
66717,319889
66733,335022
66744,318535
66744,320638
66744,329900
66744,333664
66744,347324
66765,310692
66765,311445
66765,312239
66765,313558
66765,313670
66765,314321
66765,315733
66765,316932
66765,317392
66765,317393
66765,319273
66765,320975
66765,321483
66765,332985
66765,333687
66765,336376
66765,341630
66765,346870
66770,310137
66782,323294
66797,312558
66797,321520
66797,324858
66797,329015
66797,345929
66797,345930
66798,323066
66798,328708
66798,349510
66801,314849
66801,343138
66802,330487
66858,326785
66858,341503
66858,346782
66858,349878
66876,319779
66876,319783
66929,349368
66949,311962
66949,312558
66949,324858
66949,337270
66949,337278
66976,313524
66988,328782
66988,333054
67004,310148
67004,310692
67004,310934
67004,317568
67004,318655
67004,318952
67004,332985
67184,331038
67210,311524
67210,321318
67210,339231
67210,350420
67239,336134
67324,339336
67408,317278
67432,309980
67432,310636
67432,313821
67432,316907
67432,317973
67432,318419
67432,323859
67432,323967
67432,329335
67432,332123
67432,332335
67432,333647
67432,333650
67432,335434
67432,337743
67432,338085
67432,342646
67432,342661
67450,329062
67459,317568
67459,318952
67459,345165
67514,322056
67517,336243
67626,332658
67626,339681
67651,319705
67651,328004
67651,331936
67651,334205
67651,349339
67681,320858
67788,337489
67797,341883
68009,321516
68011,340725
68011,342241
68084,316357
68084,319613
68084,345608
68168,314086
68168,342955
68202,338430
68202,338732
68284,342825
68354,325058
68354,344862
68372,309949
68372,311960
68372,317667
68372,318949
68372,336171
68372,338916
68372,341387
68372,344843
68372,344844
68373,313716
68386,337922
68392,345930
68395,313646
68395,339820
68401,315418
68401,316220
68401,330404
68401,341122
68401,345609
68433,311496
68433,313166
68433,329269
68433,334881
68475,313104
68493,310078
68493,314656
68493,316160
68493,331008
68493,335880
68493,337180
68493,337214
68493,346562
68493,347343
68508,318682
68508,330245
68508,342879
68518,312089
68534,315425
68548,333290
68555,314898
68566,312558
68566,324858
68566,337270
68566,337278
68566,346387
68576,336310
68585,320329
68588,340023
68631,313634
68632,332656
68636,327367
68636,334200
68636,335455
68642,321048
68652,309986
68658,313932
68658,323008
68658,341880
68671,314477
68709,310692
68709,311445
68709,312239
68709,313558
68709,313670
68709,314321
68709,315733
68709,316932
68709,317392
68709,317393
68709,317959
68709,319273
68709,320975
68709,321483
68709,331523
68709,332985
68709,336376
68709,341630
68709,346870
68748,345466
68760,321516
68765,343832
68806,315418
68806,316220
68806,341122
68806,345609
68881,336089
68974,310609
68974,325361
68974,329014
68974,340745
68979,323848
69146,345853
69161,310692
69161,311445
69161,312239
69161,313558
69161,313670
69161,314321
69161,315733
69161,316932
69161,317392
69161,317393
69161,319273
69161,320975
69161,321483
69161,332985
69161,336376
69161,341630
69161,346870
69286,316112
69286,325647
69316,332539
69407,320122
69407,329076
69412,312180
69412,317423
69412,319853
69412,324348
69412,336923
69412,338559
69412,339086
69413,311166
69565,312215
69569,346725
69667,350644
69684,312215
69684,312558
69684,324858
69684,337270
69684,337278
69684,347470
69763,343834
69764,310692
69764,311445
69764,312239
69764,313558
69764,313670
69764,314321
69764,315733
69764,316932
69764,317392
69764,317393
69764,319273
69764,320975
69764,321483
69764,323271
69764,324373
69764,328203
69764,332985
69764,336376
69764,341630
69764,346870
69783,311581
69783,320745
69783,320747
69783,320825
69783,326384
69783,326502
69819,315418
69819,316220
69819,341122
69819,345609
69870,311962
69870,312215
69870,322221
69870,324858
69870,337270
69870,337278
69870,345929
69870,345930
69883,328310
69979,316784
70045,319308
70045,323624
70058,325636
70070,342169
70070,343543
70149,312558
70149,324858
70149,337270
70149,337278
70149,347470
70214,312478
70214,314172
70214,314173
70214,342909
70214,349989
70215,315229
70287,335022
70287,339030
70583,311100
70603,313716
70612,317183
70612,329389
70677,327725
70677,332698
70677,347829
70706,320743
70706,322552
70706,323088
70706,324402
70706,346239
70711,331595
70742,312558
70742,324858
70742,337270
70742,337278
70826,320472
70826,327492
70838,345930
70838,348922
70876,320133
71004,325232
71030,317780
71030,318361
71030,346664
71098,330227
71098,338167
71098,339574
71098,341994
71098,345152
71103,335902
71103,336956
71103,347921
71139,318214
71157,348923
71201,334213
71208,315005
71270,320724
71270,333579
71274,309926
71274,331612
71301,343386
71301,347308
71301,347309
71321,328340
71321,328368
71321,333947
71322,347542
71322,347543
71328,337880
71330,311738
71330,312487
71330,326532
71330,340034
71393,312558
71393,337270
71393,345929
71393,345930
71393,346387
71473,312239
71473,313558
71473,314817
71473,314828
71473,316712
71473,317392
71473,317393
71473,318628
71473,319273
71473,319429
71473,319430
71473,320975
71473,322087
71473,322642
71473,322901
71473,322902
71473,328117
71473,328264
71473,332985
71473,335007
71473,335691
71473,336376
71473,337597
71473,340245
71473,342606
71473,342992
71473,343245
71473,344007
71473,344276
71473,347648
71539,342444
71539,344531
71539,348020
71567,348793
71581,310860
71581,315418
71581,316220
71581,323982
71581,341122
71581,345609
71586,311445
71586,312239
71586,313558
71586,313670
71586,314321
71586,315733
71586,316680
71586,316932
71586,317392
71586,317393
71586,317624
71586,319273
71586,320975
71586,321483
71586,332985
71586,336376
71586,341630
71586,346870
71597,318205
71742,343772
71742,344083
71844,341303
71844,341304
71923,319248
71923,320748
71923,335681
71923,338662
71923,349540
72307,309980
72307,310276
72307,310838
72307,311368
72307,312281
72307,313821
72307,314314
72307,314315
72307,316601
72307,324679
72307,329817
72307,333647
72307,333650
72307,342646
72307,342661
72364,310148
72364,310692
72364,311445
72364,312239
72364,313558
72364,313670
72364,314321
72364,315733
72364,316932
72364,317392
72364,319273
72364,320975
72364,321483
72364,332985
72364,336376
72364,341630
72364,346870
72517,317310
72517,317354
72523,314290
72528,326567
72528,330660
72554,310934
72554,311291
72554,311977
72554,312174
72554,315567
72554,316538
72554,317349
72554,317540
72554,318628
72554,318818
72554,318819
72554,319811
72554,321815
72554,322087
72554,322642
72554,324759
72554,324812
72554,328789
72554,332544
72554,332547
72554,332572
72554,332985
72554,335007
72554,336436
72554,336731
72554,337374
72554,338660
72554,338663
72554,341984
72554,342311
72554,342326
72554,343797
72554,344007
72554,344504
72554,346870
72554,348650
72555,321845
72567,323503
72567,326785
72567,331766
72567,339417
72567,340850
72567,340930
72567,340955
72567,346781
72567,346782
72567,348376
72617,349824
72674,349237
72818,348793
72818,348804
72819,334576
72821,311998
72827,324858
72882,321610
72955,321520
72955,347476
73046,312742
73046,313588
73073,309908
73073,310276
73073,311368
73073,312469
73073,313261
73073,314314
73073,314315
73073,315327
73073,316575
73073,316576
73073,316601
73073,316907
73073,318419
73073,319019
73073,323000
73073,323859
73073,323967
73073,327727
73073,328661
73073,332193
73073,338162
73073,338562
73073,340699
73073,342646
73073,342661
73073,343337
73073,349799
73105,316784
73105,348672
73128,312558
73128,324858
73128,337270
73128,337278
73295,330141
73295,330266
73327,311994
73372,310934
73372,311727
73372,319829
73372,322901
73372,322902
73372,328682
73372,330658
73372,330753
73372,335007
73372,341507
73372,342699
73372,343245
73372,344007
73434,319863
73434,350080
73470,309986
73470,314595
73482,311401
73482,313007
73482,336634
73482,338180
73489,318873
73489,341291
73489,342879
73489,349368
73494,320872
73494,320881
73553,319783
73567,310692
73567,311445
73567,312239
73567,313558
73567,313670
73567,314321
73567,315733
73567,316932
73567,317392
73567,317393
73567,319273
73567,320975
73567,321483
73567,323271
73567,332985
73567,336376
73567,341630
73567,346870
73599,321690
73623,319853
73623,324348
73623,326110
73623,338559
73623,339086
73636,317183
73636,321843
73636,329389
73815,311941
73815,337322
73845,326494
73848,324483
73849,313032
73849,314481
73849,336458
